Word,Count
like,65
url,55
get,46
fuck,43
people,39
shit,38
gun,38
even,37
ass,34
one,33
know,33
go,28
think,28
bitch,28
antifa,26
liberals,25
control,24
fucking,24
back,23
would,21
better,21
good,20
piece,20
u,19
saying,19
time,18
never,18
stop,18
talking,17
thing,16
say,16
us,16
help,16
going,15
really,15
way,14
trump,14
dumb,14
look,14
want,14
god,13
another,13
tell,13
trying,13
hate,13
see,13
make,12
nothing,12
right,12
could,12
got,12
knows,12
full,12
lying,12
tweet,12
call,12
behind,12
hurt,12
ask,12
everything,12
already,11
give,11
president,11
shut,11
actually,11
racist,11
fact,11
every,11
still,11
sure,11
put,11
im,10
believe,10
start,10
said,10
many,10
mean,10
love,10
dont,10
life,10
someone,10
oh,9
dick,9
fat,9
bullshit,9
guy,9
lies,9
white,9
hope,9
asked,9
says,9
needs,9
talk,9
little,9
much,9
whole,9
kind,9
boy,9
clown,9
take,9
well,9
damn,8
women,8
pussy,8
country,8
conservatives,8
anyone,8
sorry,8
sick,8
suck,8
sometimes,8
something,8
always,8
dude,8
yeah,7
made,7
lol,7
work,7
cause,7
anything,7
story,7
keep,7
called,7
report,7
world,7
sensible,7
last,7
wrong,7
complete,7
live,7
men,7
liberal,7
maybe,7
hiding,7
truth,7
matter,7
need,6
clearly,6
eat,6
lmao,6
gonna,6
also,6
coming,6
ur,6
scared,6
care,6
government,6
stupid,6
years,6
throw,6
feel,6
fun,6
woman,6
far,6
left,6
wanna,6
keyboard,6
alone,6
please,6
working,6
girl,6
killed,6
run,6
instead,6
puerto,6
political,6
man,6
allsup,6
beat,5
wants,5
thinks,5
kill,5
twitter,5
ya,5
didnt,5
bad,5
seen,5
buy,5
show,5
problems,5
hell,5
team,5
hit,5
read,5
literally,5
seriously,5
real,5
mother,5
least,5
part,5
let,5
things,5
death,5
amount,5
old,5
ever,5
low,5
class,5
asshole,5
place,5
meant,5
though,5
admit,5
home,5
crazy,5
human,5
come,5
yo,5
hes,5
died,5
saw,5
done,5
move,4
getting,4
prove,4
cardi,4
stfu,4
enough,4
act,4
bitches,4
person,4
industry,4
dipshits,4
enabling,4
preventing,4
head,4
big,4
tweeting,4
knew,4
fake,4
wear,4
means,4
rights,4
liar,4
co,4
lie,4
money,4
long,4
idiot,4
end,4
justify,4
idk,4
child,4
second,4
happy,4
cops,4
great,4
nobody,4
voted,4
total,4
try,4
ignorant,4
leave,4
posted,4
day,4
n,4
next,4
crime,4
coach,4
since,4
bunch,4
best,4
th,4
violent,4
clear,4
lump,4
result,4
america,4
imagine,4
chosen,4
lead,4
hear,4
cant,4
trash,4
horrible,4
shame,4
despite,4
attack,4
abuse,4
children,4
year,4
obviously,4
communist,4
batman,4
find,4
dems,4
sports,4
sister,4
bvs,4
osuna,4
used,4
domestic,4
raven,4
wednesday,4
pedaling,4
pr,4
met,4
whatever,4
fsu,4
bag,4
throwing,3
pick,3
stick,3
em,3
hole,3
playing,3
election,3
magnificent,3
russian,3
fit,3
catch,3
queen,3
tryna,3
singing,3
completely,3
friends,3
experience,3
football,3
took,3
lmaooo,3
actual,3
lost,3
decades,3
kiss,3
disgrace,3
away,3
car,3
pathetic,3
slap,3
high,3
stating,3
democracy,3
opinions,3
else,3
thought,3
double,3
ole,3
bill,3
bull,3
false,3
gets,3
jerry,3
ago,3
loves,3
stuff,3
gives,3
daughter,3
elected,3
loser,3
christian,3
punch,3
nuts,3
small,3
killing,3
potentially,3
unpred,3
watch,3
obama,3
wanted,3
sit,3
party,3
proud,3
laws,3
facts,3
become,3
current,3
united,3
straight,3
ironic,3
closely,3
aligned,3
agreeing,3
iq,3
heard,3
miss,3
exposed,3
goes,3
word,3
hey,3
times,3
media,3
vote,3
serious,3
business,3
dirt,3
anti,3
fascist,3
close,3
defend,3
sex,3
gotta,3
point,3
besides,3
kissing,3
common,3
might,3
asses,3
almost,3
father,3
consider,3
monkey,3
pieces,3
horse,3
speak,3
rider,3
liked,3
decide,3
wasnt,3
fema,3
successful,3
helping,3
rico,3
hurricane,3
ben,3
million,3
youre,3
doesnt,3
bit,3
kerry,3
tyler,3
school,3
terrorists,3
plenty,3
sense,3
plan,3
telling,3
incompetent,3
spewing,3
rest,3
theres,3
game,3
riding,3
defense,3
awesome,3
soon,3
claiming,3
dan,3
opinion,3
commie,3
destroy,3
pay,3
happened,3
support,3
sees,3
pretty,3
insane,3
bc,3
dirty,3
dyrus,3
worthless,3
braindead,3
scumfuck,3
pile,3
mental,3
gunned,3
street,3
degenerate,3
two,3
fire,3
first,3
funny,3
disgusting,3
fbi,3
room,2
thats,2
job,2
seem,2
holes,2
somewhere,2
yea,2
ridiculous,2
local,2
coverage,2
cover,2
ways,2
ceo,2
mexico,2
usual,2
jamie,2
oliver,2
meal,2
deals,2
tesco,2
cunt,2
salty,2
famous,2
sam,2
wonder,2
sides,2
mouth,2
delusional,2
screw,2
niggaz,2
buying,2
nose,2
complaining,2
yyyy,2
decided,2
gone,2
steepppp,2
nike,2
face,2
blame,2
weather,2
typical,2
thinking,2
national,2
created,2
route,2
educated,2
philly,2
forever,2
kid,2
today,2
wearing,2
box,2
balance,2
true,2
guys,2
wtf,2
follow,2
cut,2
monica,2
branded,2
produced,2
whether,2
open,2
everyone,2
grab,2
lose,2
tom,2
blocked,2
type,2
bs,2
sexually,2
trashy,2
tried,2
pretending,2
jack,2
spare,2
listen,2
lady,2
selfish,2
talks,2
umpire,2
ruin,2
grabber,2
looks,2
bigger,2
found,2
pair,2
yes,2
lives,2
suits,2
deplorable,2
filled,2
son,2
pappy,2
fool,2
forgot,2
different,2
ancestors,2
americans,2
jail,2
bf,2
claim,2
side,2
die,2
sounded,2
phone,2
without,2
iphone,2
lawyer,2
accusing,2
judge,2
mans,2
scumbag,2
aaron,2
offer,2
f,2
married,2
excuse,2
post,2
words,2
fans,2
amazing,2
murder,2
supposed,2
letting,2
saggy,2
whitey,2
talkin,2
mad,2
burn,2
leftist,2
comments,2
brain,2
followed,2
empty,2
uninformed,2
venezuela,2
inevitable,2
watching,2
round,2
destroyed,2
lil,2
conversation,2
thin,2
problem,2
law,2
passed,2
baptist,2
pastor,2
brian,2
kaylor,2
claims,2
sarah,2
huckabee,2
sanders,2
bears,2
blew,2
lmaoooo,2
picked,2
charge,2
isis,2
r,2
fan,2
stands,2
bono,2
source,2
supreme,2
dildo,2
art,2
responsible,2
play,2
may,2
sign,2
acting,2
county,2
hide,2
comes,2
using,2
taking,2
walk,2
safe,2
donald,2
drug,2
dez,2
cowboys,2
forward,2
lot,2
portraying,2
hard,2
quit,2
spend,2
fight,2
question,2
socialism,2
power,2
anyway,2
usa,2
states,2
referring,2
fools,2
rat,2
mostly,2
cool,2
lunatic,2
acted,2
parkland,2
girls,2
cuz,2
finish,2
apple,2
cider,2
beer,2
adults,2
professor,2
hatred,2
corrupt,2
american,2
wife,2
clean,2
air,2
running,2
watched,2
dickweed,2
shithead,2
block,2
whos,2
sell,2
worth,2
dog,2
although,2
popped,2
v,2
superman,2
trailer,2
zack,2
henry,2
nice,2
steel,2
sequel,2
dceu,2
irreversibly,2
went,2
sir,2
tha,2
daughters,2
course,2
puting,2
derrick,2
mastermind,2
annoying,2
irrelevant,2
ones,2
bent,2
leather,2
player,2
canadian,2
fucked,2
relationships,2
believing,2
water,2
otherwise,2
educate,2
everyday,2
california,2
boring,2
half,2
looking,2
based,2
terrible,2
certain,2
abc,2
garbage,2
boycott,2
bless,2
bastard,2
dickface,2
stay,2
family,2
eager,2
company,2
anger,2
mine,2
star,2
idea,2
mr,2
guterriz,2
name,2
resign,2
wherever,2
came,2
sake,2
lord,2
heart,2
eating,2
russia,2
ivan,2
willie,2
rod,2
michigan,2
tango,2
charlie,2
points,2
fbs,2
western,2
republicans,2
tv,2
wall,2
eu,2
investigation,2
motives,2
less,2
record,2
makes,2
animals,2
editor,2
approved,2
maga,2
basically,2
chloe,2
travis,2
hating,2
symbol,2
anyways,2
random,2
internet,2
zoomed,2
allow,2
rican,2
skip,2
chuck,2
yet,2
competent,2
shootings,2
wish,2
relevant,2
bert,2
ernie,2
gay,2
tough,1
flag,1
da,1
w,1
haters,1
deleting,1
ig,1
sjshsj,1
protestors,1
epic,1
haiti,1
large,1
aint,1
gift,1
smacked,1
built,1
mxm,1
insanely,1
pigs,1
worked,1
neonazis,1
unmask,1
journos,1
rely,1
investigative,1
hardcore,1
charts,1
overall,1
niki,1
cbs,1
sez,1
leslie,1
several,1
allegations,1
chasing,1
coo,1
joseph,1
iannello,1
interim,1
somebody,1
accuses,1
haul,1
harms,1
rezz,1
rude,1
awakening,1
bnf,1
dumbass,1
agitated,1
defensive,1
able,1
rap,1
knot,1
relate,1
worse,1
licking,1
fucks,1
thanked,1
houseguest,1
fa,1
turncoat,1
lindsey,1
graham,1
longer,1
trusted,1
fuckkk,1
slapper,1
building,1
self,1
esteem,1
amazon,1
absolute,1
understanding,1
around,1
condemning,1
agree,1
believed,1
l,1
showed,1
polish,1
quite,1
triggered,1
volunteer,1
stand,1
solidarity,1
christine,1
blasey,1
portion,1
population,1
supported,1
shocked,1
numbers,1
corporate,1
lobby,1
worries,1
straws,1
cleaning,1
failed,1
billion,1
kaepernick,1
named,1
google,1
rumors,1
spread,1
known,1
bout,1
corruption,1
existed,1
democratic,1
snitched,1
added,1
spice,1
top,1
snitching,1
bird,1
pregnant,1
teaching,1
ca,1
emergency,1
nwo,1
sitting,1
waiting,1
kyle,1
receiver,1
ran,1
matt,1
speed,1
crap,1
pittsburgh,1
naming,1
names,1
pants,1
eyebrow,1
pinched,1
senator,1
npr,1
zero,1
railroaded,1
mueller,1
cia,1
spy,1
tournament,1
windows,1
smash,1
fucktards,1
waste,1
ballot,1
dishonored,1
zone,1
dangerously,1
edges,1
ghetto,1
overrun,1
rats,1
bloodflies,1
villifying,1
hour,1
rant,1
imaginary,1
bolsheviks,1
news,1
italian,1
basic,1
totally,1
diverting,1
uhhh,1
sadam,1
gassed,1
kurds,1
truly,1
fuk,1
sucker,1
adulting,1
knowing,1
future,1
beanie,1
mindmill,1
whore,1
bluntly,1
starting,1
bother,1
personally,1
apparently,1
exists,1
told,1
distract,1
loved,1
microscopic,1
absolutely,1
attacking,1
path,1
pushing,1
create,1
civil,1
war,1
recovery,1
selective,1
turd,1
rightfully,1
railed,1
hollyweird,1
pass,1
cashing,1
book,1
jeff,1
happens,1
response,1
entire,1
article,1
precinct,1
nasty,1
cheap,1
filthy,1
whose,1
undermine,1
libs,1
publicly,1
lusted,1
gop,1
morality,1
decency,1
wipers,1
virginia,1
beach,1
slightly,1
club,1
everybody,1
carole,1
smug,1
dealing,1
hearing,1
spin,1
sort,1
racial,1
johnson,1
forced,1
abortion,1
betrayed,1
divorced,1
butch,1
noo,1
boii,1
bye,1
bae,1
fucker,1
fix,1
stomach,1
laughs,1
approves,1
narcissist,1
floris,1
spank,1
leah,1
stab,1
curtis,1
adam,1
however,1
kl,1
till,1
cosign,1
restaurants,1
advertise,1
outside,1
radius,1
eaten,1
irish,1
manager,1
redwood,1
difficult,1
leaning,1
unbiased,1
commentary,1
rid,1
ramos,1
sounds,1
ump,1
upppp,1
kliff,1
gayer,1
emoji,1
joe,1
song,1
misrepresenting,1
occupier,1
learn,1
announced,1
revealed,1
lonely,1
commenting,1
ugh,1
strikes,1
french,1
native,1
punches,1
fi,1
eric,1
holder,1
arms,1
dealer,1
slip,1
bale,1
nigga,1
disrespect,1
sharpie,1
bro,1
definitely,1
brand,1
dollar,1
tree,1
smirky,1
doin,1
check,1
hood,1
describe,1
brother,1
peopl,1
coworker,1
moment,1
deaths,1
hostile,1
environment,1
poorest,1
vulnerable,1
society,1
keeps,1
hang,1
samsung,1
website,1
declined,1
credit,1
afford,1
career,1
admire,1
feinstinkle,1
band,1
leaked,1
detector,1
test,1
hired,1
ruining,1
accus,1
respecting,1
lgbtq,1
omg,1
terry,1
porters,1
pi,1
naw,1
history,1
hernandez,1
osu,1
browns,1
living,1
past,1
spent,1
hours,1
laughing,1
huge,1
fink,1
entity,1
wiv,1
muscle,1
fox,1
independent,1
voter,1
key,1
date,1
nsa,1
ok,1
respct,1
police,1
officer,1
photo,1
shots,1
tonight,1
despicable,1
chokes,1
vomit,1
tol,1
meet,1
remembered,1
london,1
capital,1
europe,1
germany,1
asking,1
davido,1
oga,1
madam,1
park,1
non,1
na,1
send,1
chop,1
installing,1
except,1
dear,1
paul,1
agenda,1
push,1
glad,1
kick,1
headed,1
bushie,1
fine,1
neo,1
ties,1
funding,1
imp,1
attempting,1
planned,1
parenthood,1
whilst,1
rolling,1
intelligent,1
education,1
replacing,1
abstinence,1
teachings,1
apiece,1
shitty,1
democommunists,1
allready,1
womens,1
bathroom,1
molestors,1
killers,1
illegals,1
adult,1
dig,1
decline,1
state,1
suggest,1
worser,1
jobs,1
arguing,1
order,1
elimination,1
hav,1
fluffy,1
buckle,1
democrats,1
nansbabh,1
born,1
sicily,1
dictators,1
forgive,1
douche,1
daddy,1
tag,1
bulletproof,1
mate,1
sucked,1
vortex,1
drinking,1
fought,1
nazis,1
disagreement,1
beautiful,1
mention,1
eyes,1
followers,1
buried,1
pals,1
popular,1
worried,1
blaming,1
ariana,1
kate,1
nash,1
stickers,1
spoken,1
hockey,1
involve,1
punching,1
boston,1
stans,1
thick,1
posh,1
brainy,1
qt,1
crisis,1
surgeons,1
dentists,1
amongst,1
leftie,1
affect,1
explain,1
indication,1
shoveling,1
supports,1
administration,1
lookout,1
randolph,1
desperate,1
usually,1
doubt,1
assumption,1
streamer,1
boobs,1
verbal,1
diarrhea,1
ought,1
responsibility,1
actions,1
account,1
edgy,1
boys,1
secretly,1
soft,1
line,1
dramione,1
bet,1
clueless,1
ivanka,1
flip,1
save,1
treasonous,1
welles,1
simply,1
ashamed,1
admits,1
politicians,1
etc,1
understand,1
jess,1
discussed,1
strangers,1
hop,1
finally,1
either,1
shy,1
victims,1
remain,1
sent,1
direct,1
whoviille,1
sacred,1
cannot,1
towrds,1
bottom,1
scummy,1
scales,1
justice,1
drown,1
holding,1
accountable,1
armed,1
cop,1
invaded,1
quitting,1
smoking,1
mid,1
competition,1
mood,1
swings,1
fantastic,1
jc,1
cute,1
groped,1
genuinely,1
drop,1
destroying,1
epson,1
printer,1
reflection,1
sycophantic,1
respond,1
mind,1
honestly,1
legislative,1
coupled,1
skilled,1
diplomat,1
sways,1
varadkar,1
pushes,1
kinda,1
fascists,1
scum,1
taken,1
stance,1
favor,1
asb,1
asa,1
spouting,1
bu,1
murda,1
bow,1
worded,1
liketake,1
camera,1
shove,1
trust,1
kanye,1
st,1
network,1
reporting,1
bigotry,1
stack,1
retarded,1
smh,1
fry,1
scale,1
laugh,1
plain,1
acussed,1
accused,1
voice,1
wow,1
sleaze,1
pervert,1
nerves,1
gitmo,1
birthday,1
ppl,1
shift,1
manage,1
flying,1
black,1
reason,1
enacted,1
regulations,1
quality,1
mayor,1
stealing,1
funded,1
bash,1
replace,1
north,1
dipfuck,1
worship,1
toe,1
cheese,1
licked,1
helmet,1
lower,1
rear,1
backwoodsistan,1
glory,1
hunters,1
earthy,1
racket,1
donuts,1
postponing,1
missing,1
fails,1
tbh,1
dominos,1
colin,1
preach,1
arm,1
cartels,1
advocate,1
prob,1
infertile,1
germs,1
brought,1
rodgers,1
win,1
ring,1
sad,1
regular,1
season,1
heroics,1
example,1
ban,1
exceptions,1
david,1
gilmour,1
roger,1
waters,1
chinless,1
ummm,1
video,1
admitted,1
strong,1
politician,1
undermined,1
traitor,1
tennis,1
match,1
sarrena,1
williams,1
interested,1
use,1
rumor,1
habs,1
considered,1
fraud,1
citizens,1
nh,1
final,1
days,1
sinking,1
holy,1
advertisement,1
colon,1
coward,1
marcus,1
smart,1
tougher,1
ex,1
special,1
handled,1
bb,1
mm,1
howitzer,1
tow,1
missles,1
tank,1
stupidest,1
testament,1
free,1
spout,1
investigated,1
statutory,1
megumi,1
steelers,1
bah,1
mama,1
shyt,1
red,1
healthy,1
conservative,1
vile,1
creature,1
portray,1
fierce,1
paper,1
tiger,1
town,1
honked,1
driver,1
slapping,1
cumming,1
cumslave,1
undermining,1
iran,1
debacle,1
baby,1
action,1
walks,1
haaaaaa,1
ye,1
thanks,1
vince,1
hold,1
chance,1
clients,1
recently,1
attacked,1
lock,1
faked,1
attacks,1
ele,1
album,1
djsjsjjs,1
tf,1
devil,1
jersey,1
shore,1
poor,1
rudy,1
christmas,1
overturn,1
rug,1
pulled,1
underneath,1
feet,1
looked,1
domme,1
situation,1
grade,1
serve,1
dare,1
choose,1
granth,1
bible,1
kuran,1
intention,1
drama,1
useless,1
hog,1
spanish,1
teacher,1
grades,1
active,1
patrick,1
suffering,1
ends,1
making,1
sore,1
cheerleader,1
smaller,1
whooped,1
slammed,1
ground,1
view,1
spew,1
daily,1
falsely,1
kathua,1
case,1
bl,1
deception,1
tricks,1
refused,1
protocol,1
stole,1
scotus,1
seat,1
cry,1
foul,1
others,1
hardball,1
peace,1
deserve,1
neither,1
klan,1
perhaps,1
clarify,1
broke,1
guarantee,1
dumber,1
rocks,1
poisonous,1
group,1
hands,1
hat,1
propeller,1
rednecks,1
retards,1
pot,1
smells,1
bhadbhabie,1
bhadtranny,1
debunked,1
hillary,1
forosity,1
drugs,1
bfa,1
rift,1
unfirtunately,1
hispanics,1
justifying,1
argued,1
members,1
believes,1
helped,1
relative,1
agreeds,1
majority,1
immigrants,1
shocking,1
clinton,1
witch,1
grow,1
dana,1
ignores,1
calls,1
tragedy,1
dumpster,1
nvm,1
dc,1
animated,1
films,1
putting,1
robot,1
district,1
og,1
ugly,1
smoked,1
j,1
fu,1
crappy,1
pop,1
fresh,1
prince,1
dj,1
jazzy,1
knee,1
comin,1
woolly,1
yell,1
wayy,1
set,1
litterly,1
obvious,1
psycho,1
notice,1
deep,1
existence,1
generation,1
alt,1
psyop,1
divided,1
considering,1
legitimate,1
republican,1
jesus,1
evilest,1
justin,1
climate,1
change,1
blatant,1
misinformation,1
fault,1
negotiating,1
office,1
eddie,1
build,1
east,1
border,1
shite,1
allowance,1
workers,1
lame,1
proper,1
lotta,1
spitting,1
youll,1
pray,1
furries,1
leftys,1
exactly,1
sound,1
meaning,1
pissed,1
pos,1
award,1
including,1
decision,1
house,1
temperature,1
temp,1
threats,1
critique,1
objectively,1
rural,1
boo,1
regardless,1
aggravate,1
pies,1
kept,1
holster,1
toss,1
cold,1
breatge,1
kpop,1
stan,1
outta,1
russ,1
politics,1
ignore,1
mom,1
rosier,1
played,1
tolerable,1
undefeated,1
pitt,1
shown,1
scrub,1
richt,1
perry,1
tolerate,1
loud,1
merch,1
turn,1
dublin,1
hotel,1
blames,1
feeling,1
reading,1
shea,1
morons,1
wanktavists,1
woods,1
spared,1
fewer,1
abusuve,1
messed,1
sooner,1
logan,1
chant,1
fined,1
three,1
acceptable,1
culture,1
excluding,1
whoaaa,1
kinky,1
ily,1
thank,1
squeeze,1
fear,1
tactics,1
xenoblade,1
chronicles,1
perfect,1
description,1
link,1
offend,1
porn,1
federal,1
nah,1
coz,1
tons,1
realize,1
professional,1
tweeter,1
td,1
receptions,1
speaking,1
idly,1
trashed,1
weaponized,1
govt,1
yrs,1
kids,1
exchange,1
later,1
blm,1
caused,1
juanita,1
broderick,1
girlfriend,1
stirrer,1
impeccable,1
sle,1
rich,1
expect,1
mob,1
hats,1
shouting,1
general,1
distrust,1
finding,1
cheat,1
possive,1
lake,1
corey,1
harris,1
constituents,1
health,1
lazy,1
insurance,1
pointing,1
bags,1
tthat,1
advocating,1
certainly,1
leads,1
probably,1
shoes,1
supporting,1
movies,1
unfollowed,1
checked,1
negative,1
congratulations,1
dumbest,1
obamas,1
maria,1
harf,1
chill,1
poontang,1
clan,1
aka,1
angelina,1
rhe,1
imngonna,1
shoot,1
uppdoals,1
remember,1
weeks,1
maryland,1
terps,1
parents,1
capricorn,1
stephen,1
smith,1
agreed,1
rivera,1
royal,1
nehru,1
taught,1
eminent,1
terms,1
mentioned,1
feeds,1
shouldnt,1
delayed,1
theyll,1
plant,1
victim,1
apparent,1
knuckledraggers,1
marrying,1
voting,1
sympathy,1
innocents,1
wome,1
baltimore,1
supergirl,1
denuclearization,1
nk,1
tariffs,1
wild,1
outlandish,1
cuccinelli,1
represent,1
epitome,1
salesman,1
safety,1
staffers,1
must,1
editing,1
kudos,1
scout,1
veterans,1
served,1
adv,1
ron,1
cheesy,1
commercials,1
newsman,1
paid,1
sells,1
stellar,1
isnt,1
involved,1
nothingburger,1
charade,1
kavanaugh,1
b,1
confirmed,1
hurts,1
libel,1
companies,1
thier,1
content,1
libeling,1
jones,1
entirely,1
separate,1
issue,1
censorship,1
clai,1
bum,1
booty,1
stunning,1
murders,1
guns,1
brazil,1
pubs,1
inquirer,1
smut,1
writes,1
woodward,1
bio,1
